message,intent
"So don't forget Max, use your head please. Are we both doing it or what? You just follow my instruction. No, I want to know if both cars do it. Max, please follow my instruction and trust it. Thank you.",ORDER
"Okay Max, we're expecting rain in about 9 or 10 minutes. What are your thoughts? That you can get there or should we box? We'd need to box this lap to cover Leclerc. I can't see the weather, can I? I don't know.",QUESTION
You might find this lap that you meet a little bit more water.,INFORMATION
Just another two or three minutes to get through this.,INFORMATION
So settle into standard race management now Max.,ORDER
Use a lot of attire on an Outland Max. Not sure that was sensible.,ORDER
This time I had reasonable deg in the first stint. I'd ask you to use your head a bit more.,ORDER
"I can also push on if we do another stop, a little bit of mid-stop training. No, not this time.",ORDER
"How was the deg max? No, it's not okay Anderson",QUESTION
"It's so windy, I'm so hopeful to feel really tight. Yeah, Roger that.",INFORMATION
"Max, we've currently got yellows in turn 7. Ferrari in the wall, no? Yes, that's Charles stopped. We are expecting the potential of an aborted start, but just keep to your protocol at the moment.",WARNING
Let's have a balance update Max. High speed diff setting. All good. Everything feels quite nice.,INFORMATION
I'm just picking up.,INFORMATION
"Sitting in dirty air hurts my lifetime quite a bit, just for your information. Okay, copy that. Thank you.",PROBLEM
Norris likely to one stop from here. How far is he ahead? 12 seconds.,INFORMATION
"I made a Thomas and Drive on out of the chicanes. Understood Max. If we pit now, we fall behind Fernando. I'm sure you understand the situation.",INFORMATION
"I'm not sure how long I can keep this up though. Understood, Max, so just keep us informed.",PROBLEM
Another four or five laps max and we could pit ahead of that train of blue flags.,INFORMATION
There are some pockets of rain a few kilometres away from the track we're monitoring.,INFORMATION
Maybe drop some rain around turn 6 to turn 8.,INFORMATION
"Ready. Okay, you let me know if you need to box to stay on the track, Max. It's as simple as that.",ORDER
"I have to join the Slums because my tyres are f***ed. Understood Max. It might just be survival in that section of track, Max, if the rest of the track is dry.",PROBLEM
"Alonso has pitted for dry tyres. Understood, Max. We need enters. Understood, Max. We are pitting for enters.",ORDER
So let me know if you're ready for extremes at any point. I'll wait for your call.,ORDER
"Do you see anything other than an Inter in these next nine laps? No, no. Understood. Thank you.",QUESTION
"I clipped them all a little bit with the right rear to check my shoes Okay, we'll have a look",PROBLEM
"We are catching the guys in front, okay? Okay, two laps remaining.",INFORMATION
How far is it behind?,QUESTION
"Norris may be happy to sit behind you Max, just don't take any risks.",ORDER
"Fernando is bringing it home, 27.2. You are the race leader, you have nothing to prove. Let Norris through please man.",ORDER
"No, front left really isn't ready Understood",PROBLEM
"We're gonna lose a lot of time in this traffic I think. Yep, understood.",PROBLEM
"Radio check. Yeah, radio check. Okay, radio good. Focus on balance.",ORDER
"So we are expecting rain around 10 laps from the end max, some of which could be pretty heavy.",INFORMATION
"Is it gonna be like extreme tyre or Inter? Difficult to say at the moment, I guess.",QUESTION
"We'll box this lap. No, no, it's still dry here. Wait a second.",INFORMATION
I think this would be a very good time to pit. OK.,INFORMATION
"Radio check. Loud and clear, Max. So that's three and a half minutes until the race resumes for you. In one and a half minutes, the lapped cars will leave the pit lane, will then move you back into the fast lane once they've all left the pit lane, and you will then follow the safety car out eventually. I can confirm it is a rolling start procedure, that the safety car will stay out for two laps. Two laps. That would leave six racing laps. Fall 연ossible Base High Slings Longer Base High Slings Piece Forkins Money Power",INFORMATION
"And during this first lap behind the Safety CarMax, I could ask you to use all gears just to make sure we retain sync, if you can.",ORDER
"In terms of weather update, maybe some light rain expected in 6-7 minutes, Max. It is only light.",INFORMATION
"Okay, first thing is weather update. That cell that I said could be hitting in around 10 laps into the race that looked quite short and sharp, that is maybe breaking up a little bit or at least reducing in intensity, so I'll keep you updated over the first 4 or 5 laps of the race. May well be something we could drive through at this stage now, whereas the board is looking like it. We're looking at a requirement for a switch to it as... Okay, formation lap procedure. Mode 12 for the dummy launch. Fit limiter off and a static 5.5 once the car is on the ground. Carrier, you practice, start to serve here as normal and then through the formation lap, target as much tyre warming as possible. We'll lift the coast into turn 13 and after turn 13, no more than 50% removal. In turn the burn out from the left-hand side fire marshal post. That's just before the final painted grid spot. So the left-hand side fire marshal post. We are looking for four long burn outs, four long burn outs and an extra ramp rather than closing down into your star position. So at least 4.5, any changes I will communicate to you. Indeed, we're at least 5-inch�목ly biodiversity office, are management core Fir판 times as possible. In makes this permanent tub is really transparent. There is no救encerż редantasie which you would prefer to рук 제ā ate sind住ě.",INFORMATION
"You can live with it, stay up. You need to tell me the radar. Yeah, I'm just a fact. I think we'll be at this lap, Max.",INFORMATION
"Okay, so all cars are now back on slicks. Car behind is Checo at 3 seconds. So think about the time management please, Max. Time management.",INFORMATION
"Delta lap times, Checo, 2.5 tenths. There's another 2.5 tenths worth of saving that you're doing in 7.8, which is working well, so keep it up.",INFORMATION
Dockercloud is coming in.,INFORMATION
"Okay Max, expecting some very light rain in around 5-6 minutes. It will hit turn 8 and 13, but it is very light.",INFORMATION
"Max, I will say it again, there is no merit at this stage in being within one second of Ocon. Sainz is still doing 40.3s. We've been here before, we've been hurt before. You might not think you are pushing Max, but the effective V-ratio as we've seen before is very low.",ORDER
Nice and aggressive on the tyres during this formation lap.,ORDER
So driving on ice. Understood.,ORDER
"Oh! There's a lizard again on the track. A smaller one this time. Okay, understood. Maybe Godzilla had a kid. I mean, that makes sense.",WARNING
"Okay, quite aggressive downshifts. And I struggle with mid to exit all the time. A lot of movies there, in every corner basically.",PROBLEM
"In the low speed, from back steering to opening up, I just have no traction and no open steer. Understood.",PROBLEM
"So at the moment, how's the track? Right, it's tricky.",QUESTION
You guys need to do something for them. I can't catch it in the air.,PROBLEM
"That's not normal, check my engine.",PROBLEM
"I'm just seeing the flags next to me. Seems more like a headwind on to turn 4, right? Yeah, it's a little bit variable, these flags and then the big flags behind you, but yeah.",INFORMATION
"Check the brake, problem with the brakes. Copy, we're looking.",PROBLEM
Southpaw behind is Hamilton.,INFORMATION
So let's be careful with turn 10-11 at this point please.,ORDER
"Okay mate, so we've got three warnings now for turn 10 and 11, so be very careful there please.",WARNING
"So a quick update, so Sainz has some front wing damage he touched with Esteban.",PROBLEM
"I have to go over the debris before the entry, just check the tires please. Yep, we're looking at it.",WARNING
"To go over the debris before the entry, just check the tyres please. Yep, we're looking at it.",WARNING
"Nice job so far, clearing a few cars behind. Next group of cars is Piastri and De Vries in P11 that we need to clear.",INFORMATION
"So this rain is 2 minutes away, duration is about 50 minutes.",INFORMATION
"I can't really see a thing in the street Okay we got a yellow turn one, yellow turn one Press off",WARNING
So mid 3 is available the three is available press on the investigation for speeding in the pit lane So you want to stay within five seconds if you can,WARNING
"Zilla is back. Yeah, copy.",WARNING
"some drops. There's nothing on the radar at the moment, maybe 30 minutes away, some drops. There's nothing on the radar at the moment, maybe 30 minutes away, some drops.",INFORMATION
"Generally, the traction is going off.",PROBLEM
"Okay, so no threats behind, you can exaggerate the tyre management.",ORDER
okay check out so preference soft versus medium,QUESTION
"Reminder, we can't be impeding anyone, can stay to the left.",ORDER
Do effectively a formation lap to the grid and then standing start.,ORDER
Why do we follow them? We should do our race. Don't worry about them. You've got the pace.,QUESTION
"It's so push me off. Yeah, I saw that. What the f*** with that? Are you not allowed?",PROBLEM
"If I had a damage, Nico just break-tested me.",PROBLEM
Could you have me right?,QUESTION
"When you can, engine 13, position 4, plus 1.",ORDER
"There's a yellow ahead, yellow on the entry to turn two, some debris.",WARNING
"Front left main concern, watch the lock here.",PROBLEM
There's a risk of rain towards the end of the race. People might be trying to hang on for that.,WARNING
So stay with Max.,ORDER
"OK, check it. So we've got the inter-tyre fitted. Everyone is on the inter.",INFORMATION
"Okay, we're seeing a strong tailwind into turn 10. Think about the push toggle for turn 10.",INFORMATION
"Okay, gap to Russell, 14 seconds. Russell, the first car on the slick tyre.",INFORMATION
"Did Max undercut us? Yes, Max undercut us.",QUESTION
"Okay, so there's light rain on the staff in the straight. This is as bad as it will get.",INFORMATION
"Is there more rain expected? There are cells on the radar, first one 35 minutes away.",QUESTION
"So it will be flat A, no? From here. Yeah, there might be some rain in 15 laps, I guess 25 laps. Hard to say how strong that will be at this point.",QUESTION
"Hamilton, run off the track. Yeah, we saw it. Come on, give me the position now.",PROBLEM
"Let's box, let's box, Alexa box. Stay out, stay out.",ORDER
"Track slippery at turn 9 to 10. The lizard is still in the area. I don't see him. Between 9 and 10. Ah, yeah. On the entry I saw him. He was taking the sunshine.",WARNING
"I struggled to see the apexes, so I might need to come up a bit with the seat.",PROBLEM
"So all cars are staying out, all okay.",INFORMATION
"So Norris is on already eight lap old soft, so he's probably going to stop again. We can come through these cars even if we let them come through our pit window.",INFORMATION
"Okay, Fernandez, so we're still on plan A. Plan A. Copy. Agree.",INFORMATION
"Happy for the romance? Yeah, happy. No problem with having a long race, mate. Yeah, copy mate, yeah. Agreed. Perez is the race now.",QUESTION
"Yeah, so we can extend a little bit, but yeah, use the pace you've got now, it's good.",ORDER
okay my push and hold push and hold you got loads of energy hold it down,ORDER
"I cannot push any harder than this, so at least whatever position we are in is the maximum. The staff is done, mate, sorry, by eight hundredths. Yeah, well done guys, don't be disappointed, this is magic. Yeah, well done mate. Yeah, imagine, two months ago if we think about this, so well done everyone.",INFORMATION
So in about five laps we'll start nibbling at the back of those guys.,INFORMATION
"So what are the threats, basically? So mainly rain in about 15 laps potentially.",QUESTION
"So Verstappen has mentioned a bit of rain, small spots of rain turn six to eight.",INFORMATION
"Yeah, I will do. So last lap, Ockham was 2.2 seconds slower than you. He's got a lot of pressure from the two Mercedes behind him.",INFORMATION
The most damage is done after the tunnel breaking for 10 and the last two corners. That's where you do the most damage to the tarts.,INFORMATION
So we really think the best place to save some tyre temp is 1314 and exit of the last corner traction.,ORDER
"Fire temps. Tell me when they stabilise. Yeah, copy will do, not yet.",ORDER
"Which axle you're wearing? Fernando, it's all about the rears, the left rear, it's all about that, so we're happy to use the fronts to protect the rears.",QUESTION
Maybe puncher on the left right,PROBLEM
All looks okay. On the front. All okay. All okay.,INFORMATION
"Do you have some contact, Fernando? Negative. Yep. Everything's looking okay here, Fernando. Everything looking okay?",QUESTION
"So there is a small chance of rain in about 10 laps. I'll keep you updated. Good job mate, good job. Good puppy. Good job guys. Got it flying.",INFORMATION
"When the rain comes, it will be heavier than the start of the race.",INFORMATION
"Yeah, level zero is good Fernando. I'm sure there will be rain.",INFORMATION
So maybe in 8 minutes there's some very light terrain but nothing serious.,INFORMATION
"So possible debris, turn 11 and 12 ahead. Possible debris, 11 and 12.",WARNING
A little bit of rain about five minutes away. We're not totally sure how hard it is but there will definitely be some at the start of the race.,INFORMATION
So we expect the heaviest rain that's going to come will hit sector 3 in about one minute time so it could be on this first lap. We'll keep you updated. So keep an eye on your grid box position when you line up.,INFORMATION
"Very wet here. Yeah, it's raining a bit harder now in the pit lane. We are ready. It's only two or three minutes this. Two or three minutes.",INFORMATION
At the moment we will be faster in this. Yeah definitely I think. We only expect two or three minutes of this but it's definitely wet now. Okay so we can wait I don't know. Okay so we think it's getting lighter now. Can we survive it do you think? Definitely survive yes. So definitely KM411 now. Smooth tarmac. Okay it's you let us know as you come in but it's still raining a bit and a bit lighter. Yeah I think I don't know I can survive. It's one minute or so you can follow those other cars.,INFORMATION
"It was ghastly and zoom, I don't know where Perez comes from. Yeah, so everybody's on soft tyres except Joe. Joe was on the mediums. Okay, but Perez was not in our fight.",INFORMATION
"Just while we've got time, just take your aerobalance thoughts on that first part, Norris. I think it was okay. Probably, Norris.",INFORMATION
"Okay, so you're doing similar lap times to Gasly. Paris has pulled away a little bit. That rain we talked about earlier is about 15 minutes away, but it's very light, so we don't think it'll affect.",INFORMATION
"So, Russell's the only car on hard tyres, he's dropping back his P17 and not making his way through cars. Okay, give me an update on the weather and the darkest hours.",INFORMATION
"We need to wait for Gasly to pit in case he gets a safety cut lag or something. Yeah, exactly. Gasly has pitted now. Gasly's just pitted. Won't be long now for us.",ORDER
"So, top four we are on soft. First one on medium is Piastri. Seven cards total with medium. And no one hard.",INFORMATION
"Weather update, so light rain expected in 5 minutes, arriving from turn 14 and lasting around 10 minutes.",INFORMATION
and this rain will last for around 10 minutes,INFORMATION
"Good job. Lieutenant, good job. Well managed.",INFORMATION
"No, I lost the hydraulics. I lost the hydraulics. Why the f*** am I so unlucky? Why the f*** am I so unlucky?",PROBLEM
"The hydraulics came back, the engine switched off. Why am I so unlucky?",PROBLEM
"and Inter is the right tyre, so continue like this, you are doing a good job Russell lap time 43.5",ORDER
and flap update when you can ok,ORDER
and push now everything you have,ORDER
"and more rain expected in six laps, light intensity",INFORMATION
"So slightly better than previous lap, slower everywhere, just turn 10, you were faster than him. But we are talking small, something small. And we have wind phase 7 to 8, similar to FP2.",ORDER
"Yeah, the exit of turn one is not the limit. So whatever, I'm struggling with the rear.",PROBLEM
And we are expecting drops to a light shower in around 10 minutes.,INFORMATION
so the situation is getting worse so we retire the car we retire,PROBLEM
I think Carlos is clogged up. Copy understood.,PROBLEM
"GAP2S, target 3.",ORDER
"So, gap two signs in front, 2.3 and we need 5 seconds in 5 laps.",INFORMATION
What happened there? We had to hold you for traffic.,QUESTION
"Both Mercedes pitted, new medium. I think it is the right choice. Consider Ivan Lapleta. We'll come back to you. So we are staying out.",INFORMATION
"Yeah, the rear ride guy is here, he's completely gone.",PROBLEM
I'm just trying not to put it in the world. Copy that.,INFORMATION
"And target gap to Sainz, we need 3 seconds. At the moment it's 1.0.",ORDER
I feel some instability and off braking. Do you think the last lap was going in the right direction? I will come back to you.,PROBLEM
"So, Eau Rouge is a bit wet from Fernando. Russell just fitted slicks. Russell exiting the pits, new slicks. This is not going to be long, Lance. It's about surviving.",INFORMATION
"Lance, soft or medium? Medium.",QUESTION
"That was good, we need this to get these tyres to the end. Norris, same situation as you. We're P8, we're trying to get to the end. Come on!",ORDER
"Copy that, Lance. Starting to struggle with tyres. Copy that, Lance.",PROBLEM
I don't understand what's taking so long. It's so obvious he cut the chicane. It's like ridiculous.,PROBLEM
"Okay, Lance, it was very clear to us. The stewards are investigating. It's under investigation.",WARNING
20 target minus 20,ORDER
"So much contact, man. And this is a disaster.",PROBLEM
"Okay Lance that was within our numbers, turn 7 management, turn 7 management was within our targets, there's a strong tailwind there. It's 15 up to 20 kph in 7 tailwind.",INFORMATION
"Okay, Lance, 13 to go, 13 to go. Other teams thinking extreme wet. It could be extreme wet. We're considering it. We'll start it, Terrain.",INFORMATION
"Still expecting two laps behind the safety car lines. Keep the tyre temps up as much as you can, tyres and brakes.",ORDER
"Okay, Lance, make some space before turn one and then lean on the tyres up to turn two.",ORDER
Raining hard at Torque 11.,WARNING
"One switch cool Lance, one switch cool, keep your delta positive. So if you can't phase out we should fit hard. We've done 18 laps Lance, long way to go, there's more rain coming. Yeah. Jun feels this is the best tyre for the conditions, we think this is the best tyre for the conditions and the context of the race. Make sure your brakes are working well.",ORDER
"Radio off, torque in low speed. The tyres, whatever, okay. Fine. Radio off, torque in low speed. Who's on all the tyres in front of me? Leclerc, five lap older.",ORDER
Make sure this time we do the undercut.,ORDER
I don't have the pace here. Copy. Keep managing your tyres. 14 to go.,PROBLEM
There's no point me just driving around slow on your train couch.,PROBLEM
Is Alex okay? Alex is okay. Alex is okay.,QUESTION
"Where's Bortas? Bortas has retired, no threat.",QUESTION
Front left is struggling a little.,PROBLEM
"If Perez gets behind me, how do you want me to race him? It's Monaco, so you're racing 100%. Remember it's Monaco.",QUESTION
Front right is cold. The only way to help that at the moment is maybe you can do brake warm up.,ORDER
What was that? Go race. Go race. Head down. Head down. Everybody saw it.,QUESTION
"I'll recover them, recover them. Target the Lyco, watch out you slip.",ORDER
"You okay? You okay? No, I crashed. I don't know what happened, man. Something failed on the front right when I hit the curb.",PROBLEM
"At the moment, assuming no change on front wing. Correct.",INFORMATION
Sorry for the place of the car.,INFORMATION
"Again, the tires came out of the blankets cold. Copy that, Gav.",PROBLEM
"No front wing, no front wing just. Okay, on the next time through we won't be able to do a front wing adjust letting you know, okay? In that case, let's try and go down 0.5.",PROBLEM
should be very light at this stage if any at all.,INFORMATION
"We're going to box for full wets Kev, we're going to box for full wets.",ORDER
"So these wets are cold, Kerb, there's no use back wets. Front wing, front wing.",PROBLEM
"Okay Kev, to make the car less snappy on power we're going to suggest DX2.",ORDER
"No issues on brakes Kev, no issues on brakes.",INFORMATION
So we try another point for to we have time for yes we can do that,ORDER
"Keep looking after tyres Kev, all good.",ORDER
Just let me know what I need to do.,ORDER
possible rain in 15 minutes possible rain in 15 minutes,INFORMATION
"So entering the pit lane and stopping in order, there are still eight laps to go at the end of this one.",INFORMATION
"Okay, Kev, so it's intermediate tyres for the restart behind the safety car.",INFORMATION
"Yeah, I guess you've had two laps behind the safety car and then a rolling start.",INFORMATION
"Okay Kev, boxing this lap, do you want a front wing adjustment? No front wing adjusts, no front wing adjusts. Copy that, so driving through the pit lane to do another lap.",QUESTION
"Expecting the most intense rain turn 13, 14.",INFORMATION
"But we still need to pit if we get a gap, because if there's more rain then these tyres are going to be f***ed. Copy, understood.",INFORMATION
"Use wet patches where possible, Curve. Use wet patches where possible and VC1, please. VC1. I'm not hearing anything about the gap, dude. Sorry, the gap to stopping, you'll come out in front of... Standby. You'll come out P12 if you stop now.",ORDER
"For reference Kev, Nico is carrying more speed through 7, 8 and 13 just for reference.",INFORMATION
"Hamilton has DRS, you do not.",INFORMATION
Need to get into Joe's DRS if possible Kev. He has DRS from Piastri unfortunately.,ORDER
"Yeah, my tie is a ****.",PROBLEM
"Organic heads up, we have a sail of rain developing around 10 minutes from the track. We keep an eye on it.",INFORMATION
"Box, box, box, box, and keep the pace up for timing soon.",ORDER
"I think we can look after the rear tires a bit more in Exit Turn 11, it's the worst place, Exit Turn 11.",ORDER
"Okay, Albon has pit it for hard, mode 3 when you can. Next car is Botas 5 behind.",ORDER
Copy that. On-drink system test before you jump out.,INFORMATION
"Hey Yuki, if you have one or two hands in your pocket, it's the moment to use it now.",ORDER
Yuki is difficult for everybody. You're doing a good job.,INFORMATION
"Yuki, we need to find some paces, mainly under braking. Let's do your best, I know it's difficult. I know, but this brake sucks! Offset 5, build it up under braking. You can do it. Are you trying to crush me or what?",ORDER
"Break is unreal, man.",PROBLEM
You hear rain is coming last corner. If it's heavy rain we are happy you to call the box.,INFORMATION
"Oh, there's a reset. Oh my god. Sorry, I have to remote.",PROBLEM
It's very windy.,INFORMATION
"My main thing is just to try to get this dash to work because my numbers are all wrong on the dash. The entire temps. Yeah, if you help out, we'll have a chat.",PROBLEM
"Car feels pretty good. It feels like exactly as we left off yesterday. The same balance. It's a bit neutral in 3 and 4 but then I think that's good for the low speed stuff. I feel quite good on the brakes so I think we just need to keep it like this. Will you hear me? Yes, it is. You don't have to ruin in. Let's take a review. There you go. There it is. It's fine.",INFORMATION
"So it's currently 42 laps to go, potential risk of rain with about 20 laps to go.",INFORMATION
The Tsunade is struggling on brakes.,PROBLEM
"All these brake changes, you're changing the way the car is feeling every single time.",PROBLEM
"So Alex, we're going to get at least 10 minutes warning. If you want to jump out of the car, you can.",INFORMATION
Mode 9 when you can for performance.,ORDER
"Okay, six cars have pity for Inter but our aim is still to survive. Just three laps.",INFORMATION
"and then Magnussen behind on Inter. So Alex, this is really good. These guys are going to have to pit again soon for dry.",INFORMATION
"HPP on, HPP on, and some people are now putting back onto drys, they're going to struggle with warm up.",ORDER
Alex we have a slow left front puncture.,PROBLEM
"So starting lap 21, our current plan is plan B plus 10, plan B plus 10. But that should be achievable.",INFORMATION
"What the f*** was that? Copy Alex, we saw it. We're on it.",PROBLEM
Can we also just check my seat? There's a bit of heat coming up from around my bum.,PROBLEM
"Alex, we're in a really good place, so we're still extending. This is an awesome job.",INFORMATION
"As soon as you get within half a second, it's incredible how little fight we have.",PROBLEM
"Carpill's a bit lazy, that's my main feeling right now. Copy that.",PROBLEM
WARNING FROM BREAK SPOT,WARNING
Drivers reporting strong wind and gusts.,WARNING
"My third break, guys, cut off really fast.",PROBLEM
Have a look at the mobile 30-bike over the market.,ORDER
Massive vibration.,PROBLEM
"Brakes are normal now Joe, full push now. Brakes are okay.",ORDER
"My brakes guys, unbelievable. I can't get it close. I cannot put the pedal. Enough.",PROBLEM
The only thing I can do with these breaks is after this aftermath. The more I get in 2 seconds I'm lucky.,PROBLEM
"Okay, sick, last mile. Have a job, have a job. We're looking at it.",PROBLEM
"It's okay, a bit of understand midcon and active sliding.",PROBLEM
Are we racing to win him for head or not?,QUESTION
Try to push turn 12. Minus 3 on target.,ORDER
Try to do a step turn 5 to turn 8 with the steering trace.,ORDER
Are we a little bit stuck here or not?,QUESTION
"Joe on tires, we need another step turn 18 and turn 19.",ORDER
"It can be less than that, it's difficult to turn man.",PROBLEM
"Check my front right, I've cleared the wall but it's still good Copy, checking front right",PROBLEM
The cable is getting stuck a little bit like last year. Make sure we can get it fixed. Cabotro wheel will fix.,PROBLEM
"I don't think it's a little bit of smoke in the back of the night. Copy, we're checking.",PROBLEM
The rear is going after the two push. Copy.,PROBLEM
"I feel like I've got some pace today, compared to these guys.",INFORMATION
Copy that. Soft runners have started boxing. We'll look at the traction.,INFORMATION
"Hi, Nico. So the rear temp has peaked, the surface temp has peaked, so hopefully some of it will come back a little bit on the rear.",INFORMATION
"Okay, Nico, the people who stopped earlier are pretty quick. Albon 3.7 behind, so let's use the tire now.",INFORMATION
Jesus though William was quick on the street.,INFORMATION
"There is quite a bit of smoke, but the power is not delivering. It's an issue.",PROBLEM
"Niko, very good job. You are closing up on everyone ahead now. This pace is amazing.",INFORMATION
Kevin ahead is still on drives very slow.,INFORMATION
You can use right toggle turn one to stabilize. We're currently P17 so we still need some miracles but this pace is excellent.,ORDER
I think I hit or picked up some debris there out of the tunnel. Fell on the front wing.,PROBLEM
"Okay, Nico, we'll check. Data is okay. We'll check the video too.",INFORMATION
"I'm trying to save tires as much as possible now, but let me know if I need to push up and I'm in front again, if someone fits.",INFORMATION
Sergeant's blocking for Elbon.,INFORMATION
Sergeant is holding everyone up. Kevin just got around Sergeant. So now it's Sergeant Stroll Perez-Joe Yu.,INFORMATION
Very good. Perez is 7 ahead.,INFORMATION
"I struggle to think we get to the end with this. So, uh...",PROBLEM
"A lot of understeer creeping in, all speeds but also traction getting very poor.",PROBLEM
"Okay, press IN button, cool the car, go to the grid, test your drink, and a static bite point learn when you arrive on the grid. See you there.",ORDER
"Turn 7-8 was good, it's 4. And then with the rain coming like 9 laps away, let's make this tire for 9 laps, get the lap time out of it.",ORDER
"We may have dropped soon, the big rain is 5 minutes away.",INFORMATION
"Great job, Nico. Just tell us everything you can about the conditions. We want to get on the right tire at the right time.",ORDER
"Box now, Nico. Box now.",ORDER
"So weather-wise, there is rain building, sometimes it disappears, so we're kind of prepared for that with our tire choice. Okay, and then we went through all the data and what is happening with our tires, we've reverted the laps to grid adjust. It was just too much, it took out too much front, and then we've corrected for the tire compound for the race start. So we basically used the first lap, first lap air balance, and then just corrected for delta, for our tire? Yeah, that's correct.",INFORMATION
"Yeah, loud and clear. Okay, so it's restarting on an inter. We go two minutes early, along with all these people, to unlap ourselves. There'll be two total laps under the safety car, and then six racing laps remaining after that. Okay, so we're still on our interbalance and inter switches, which is all fine.",INFORMATION
In two or three minutes we'll probably have light drizzle for a few minutes.,INFORMATION
"Okay, that's two times past safety car line one, so you can catch the pack. The main pack is going into seven. Okay, Nikos, good job on brakes. You're with the pack now. So the people who have stopped is Bottas onto medium, Stroll onto medium, you and Lawson onto medium, and Russell's gone under hard. Other people have not stopped yet, they're all still on soft. The next rain, if it comes, would be in like 25 laps. So we'll see what happens there, otherwise we'll just see how long we can take this tire.",INFORMATION
"Do you want to flap adjust, Nico? Not really, but it's new sticky tires. Let's maybe try, which way would you go? I would take off, yeah. I would try less, I guess, and see what it feels like. Okay, copy. Take half percent down. Turn 10 feels pretty low in grip, like tailwind, I think. The rear is pretty unhappy there. Yes, on the tailwind into 10. Also 1 and 6 and 7 are tailwind. Okay, so we've taken off 0.5. We'll get a feel. One more grid. Go to the grid after this. Close the radio, Gary. It's too loud.",QUESTION
"See you turn 10 is unbelievable. And I know it was 5 left, I'm saying. Yeah, understood. Maybe try 10 without the left toggle just to see what it does.",ORDER
Albon will be coming out on a medium.,INFORMATION
"I feel like I've lost brake efficiency. Oh, they're cold. Brake temps are okay, we're checking everything.",PROBLEM
Consider EB11 one step less. EB11.,ORDER
"Okay, yeah, debris hit my rear wing. It's broken. Yeah, I tried to miss it. I think it was a piece of a tire in the air. But it got my rear wing. Yeah, copy that.",PROBLEM
Thank you guys for repairing the cow.,INFORMATION
"Does Yuki have a problem or he made a mistake? Made a mistake, made a mistake. Let's try to clear Sergeant and then we help Yuki.",INFORMATION
"Turn 10 with the tailwind, we'll have to look after it there. Yeah, no worries. I was exploring a bit as well.",INFORMATION
"Okay, let's be clever. Your choice.",ORDER
"It is a tailwind into the last chicane, yeah. Round turn 16-17.",QUESTION
Attraction is pretty full. Copy that. There are 20 laps remaining.,INFORMATION
"The grip of the steering wheel is falling apart. It's okay for this race, but I think next one we need a refurnish or something.",PROBLEM
"Okay, understood. We'll fault that.",INFORMATION
"Fail B02, OK, urgent.",ORDER
This is new material so I wouldn't be surprised if it just takes a lap or two to bed in. I wouldn't be too alarmed at the moment. We'll keep looking.,INFORMATION
"I think balance was not too bad. It's a bit more grip than yesterday. A bit more loose at the exit of turn seven. Okay, mate, we will speak to you shortly when you jump out. Yeah, and the brakes, the brakes is usually straight away good, so it's not normal that it's not good at all to start with. Okay, understood.",INFORMATION
18 laps to go. We think we can get Russell here. Let's keep pushing.,ORDER
"Do you see anything with the brakes? We're still looking at Esteban, same feeling as the previous lap, question? Little bit better but not by much. Okay, I understood this is...",QUESTION
Any signs of graining on any car on the hub? Only very small amounts later in the stint.,QUESTION
"If anything, S-Bahn, we think the limitation will be the front left tyre, so let's try and keep on top of that with switchers if we can.",ORDER
"Clutch drop absolutely spot on, same again please.",PROBLEM
"Yeah, it's raining quite heavy now. Copy that. Next two cars in front of Perez and Albon.",WARNING
"Possible debris 567, stay on line.",WARNING
"Right, temps are good, push at this entry.",ORDER
"There's a yellow flag after turn one, could be debris.",WARNING
"There was no space for both of us there so... Yeah, copy that.",PROBLEM
"Sainz has a piece of wing hanging, no?",PROBLEM
"Tell me when you want maximum pace. Yeah, will do. Keep what you're doing for now, please. Ferrari are getting frustrated behind. Keep it up.",INFORMATION
possible rain in 15 minutes only light,INFORMATION
"This is going to be very, very heavy rain Esteban, massive.",WARNING
"Okay, mate, we need scenario five. This is going to be extremely heavy rain. It's going to get much, much heavier.",WARNING
"This is the world's decision, guys.",ORDER
Taking a chance.,INFORMATION
"Okay mate, half the field have not pitted, they're all bunched up between 11 and 13. We can get a load of people here.",INFORMATION
"Okay mate, so it'll be recharge on at turn 7 this time. How's the balance please? Balance is okay so far. Okay mate, keep your pace up and go to the grid please, go to the grid. Okay mate, and if you can test your drinks kit if you haven't already as well. Okay, go to the back of the grid, come to a stop and go to P1.",ORDER
"Safety car, safety car, stay out, stay out.",WARNING
"There's a bit of a weird shift, 6 to 7, on the last corner. Copy that, we'll have a look.",PROBLEM
"Okay mate, some of these switch changes are related to that shift, we're trying to improve it.",INFORMATION
"If Sainz in front is pitted, that puts us P6 at the moment.",INFORMATION
"Are we doing max push on these tyres? Status 3 for now please, Norris 1.4 behind, 26 laps to go.",QUESTION
"The bind point find didn't work, the first one. Okay man, understood. We'll have a look at that.",INFORMATION
"No, no!",PROBLEM
"Any final comments on balance or ride? Very easy, very very easy. We ride at the moment. The car is very comfortable.",INFORMATION
"Okay Lando, what is the pace? What is the pace? Oh man! Oh, yep, oh good. P-zero mate.",QUESTION
one and a half and down one and a half down,INFORMATION
"Digestion, yellow G2 Yeah, none of this is helping mate Ok mate, we are trying here our best as well Yeah, I can understand Ok",INFORMATION
suggestion green f2 green f2,ORDER
Up three.,ORDER
"Oh, I don't know. Three down, three whatever. Doesn't make a difference.",INFORMATION
"Yeah, Rhea's already struggling a bit. Uh, taste a lot.",PROBLEM
"Yeah, I'm gonna start to make some mistakes with the tires.",PROBLEM
"Let's pick up the base land a little bit. Yeah, yeah. Okay, thank you.",ORDER
"Ok Lando, a mix of medium and hard starters. On medium Verstappen, Ocon, Hamilton, Zunoda in front of you, behind Debris, Albon, Sergent and the back of the grid Julke Mugger and Perez. On a hard Alonso, Sainz, Leclerc, Gasly, Russell in front of you, behind you Oscar, Stroll, Bottas and Mansell.",INFORMATION
"Yeah, like, people are racing against me. I know, I know. The car you're racing is Sainz, 48 seconds. Oh, sick.",INFORMATION
I suggest red a7 red a7 you're one of the quickest cars out there,ORDER
"Happy to do less, Lyco.",INFORMATION
"Tsunoda struggling with front left, Lando possible rain, class 1 on lap 35.",PROBLEM
"Lando, possible rain, class 1 on lap 35.",INFORMATION
"How's the balance? How's the balance? Well, not great obviously. The front grainings is hard to not get. The raise you have to manage a bit but the front grainings is the bigger problem.",QUESTION
"Yeah, but I'm just so sh**ing low in the middle, so I can't do anything.",PROBLEM
"I'm gonna need to change my helmet and everything anyway so it's fine to get out. Still raining so it's not gonna restart anytime soon. Were you talking? Like I didn't hear anything. Can you hear me? Yeah, no, okay. Okay, sorry we are losing the connection on my belt pack. You can jump out if you... Yeah, okay.",INFORMATION
"Okay, Lando, the rain is easy enough. Can you keep the car on track? Yeah, yeah, yeah.",QUESTION
"The box mate, we're too slow We are faster than Intest cars What the f- are you f***ing stupid mate? BOX! Land in pit lane!",PROBLEM
"Suggestion, green f3, green f3, we think rain will come in the next one two laps, it will hit turn one first, it will be light. Yeah, it's already in turn one.",ORDER
"Russell 1.1, Hamilton 2.2. Yeah, I got it, I can see that.",INFORMATION
"I'm not going to do that. I'm not going to do that. I'm not going to do that. I'm not going to do that. Let's go! Well done. Oh, ****! I hit the wall! OK, just bring it back carefully. I don't know. Let's go.",INFORMATION
"Lewis needs to give the position back. He just brakes way too late. He committed to it, so he needs to give two positions back. Understood, Landon. We've already raised it with the race director. Yeah, but they're going to do it for George, but he just committed to going off, so of course he could brake a lot later than me, you know.",INFORMATION
"I struggled a little bit with the ride from the rear in the last corner, just when I clip the kerb, but generally everywhere else is okay. A slow speed rider, I would say I'm pretty happy. Probably the place I struggled the most is, I have no idea what corner number, like the left-hander when you lose no brakes, turn eight or something, turn eight I think. Cool.",PROBLEM
"And Lando, Russell and Leclerc used half a tyre. What do you mean, used half a tyre? What does that mean? Half a tyre on the yellow in turn one. Ah, okay. eighty-one. You can go away with it. No matter what the tyre is, you can go away with it. You can go from theúa, Ul. Keep your tyrespumped unless you come on the После with Thom回來. Once the tyre is Europa. Place your tyrespumped in, come on the grey. There is thebes a 수도 cannot see.",QUESTION
"So now we have a break in the rain, it's stopping on next one expected in 15 minutes from now, 15 to 20 minutes.",INFORMATION
"Okay, that's an 8 minutes warning for you Liam, 8 minutes warning. Restart in 10 minutes and we will exit the piton in 8.",WARNING
We will do 2 laps behind the safety car and then 5 race laps. Everyone will be on the inter. We've done as much as we could to help you with tires and brakes. We bring it to the flag.,INFORMATION
"Okay Liam, so Yuki got a penalty and that's P13 for you today. P13, good effort, good effort. I think you should be pleased. Cool, yeah. Considering the amount of time that we lost at the start, yeah. Good job. I enjoyed that. Okay, glad you enjoyed it. Still a lot of work ahead and we get ready again. Unfortunate with the penalty, very unfortunate. But you did all the right things today and we review the details for next time. Yeah, for sure. To be honest, I started to get a bit more of a feeling on the soft when I got clean air. That medium set I didn't feel very comfortable on, but I started to get more of an understanding on that soft. Yeah, I copied that. And we wanted to try something on the medium because there was not too much to lose. But yeah, the soft was a good component. So, I think the soft was a good component.",INFORMATION
"Well done Lewis, so we're coming down the pit exit, so just remember down the pit exit. So yeah, P4 and fastest lap, so well done on that mate.",INFORMATION
"Chad 9 every lap. Oh, he's been on Chad 9 every lap.",INFORMATION
"Oh, he's been on the 10-9 every lap.",INFORMATION
"So, potential rain on the radar, 20 minutes away, not very strong though, nothing like yesterday.",INFORMATION
"God, that's not a very good rear end.",PROBLEM
"So light rain being reported around the circuit, but very light.",INFORMATION
"Yeah, it's getting pretty wet, mate. Yeah, copy. We think this is only going to last another five minutes at most.",INFORMATION
Got to be careful dropping too much time or otherwise we've got to make it all back up.,ORDER
"And you're going to the grid. This sets flat spider. Okay, copy. Yeah, we won't need it.",ORDER
Not having to tighten up the wheels? We've gunned them on so we're happy.,QUESTION
"I got a problem with my left front, it's starting to steer the right. Ok copy, we're looking at it.",PROBLEM
So let's use the tyres now. I have been for the last five laps too.,ORDER
Should've gone to the hot tire man.,INFORMATION
"I'm in the DRS. Still not catching him. Yep, understood Lewis.",INFORMATION
What happened? George looks like an issue on the cooling system.,PROBLEM
"So, same lap time as Gazdy, car ahead 3-0. Yeah, I can't catch you. Save it, time.",INFORMATION
There's hot air coming out of that gun.,PROBLEM
Is anyone else still out on the hard?,QUESTION
"Copy, those who started on it are still out on it.",INFORMATION
I need to pick up the pace.,ORDER
"This place looks okay, it's coming towards us so don't worry about it.",ORDER
Just seeing a couple of peaks but not too bad.,INFORMATION
"It's getting to a point, it's pretty dangerous out here. Right, Sibri? Okay, copy. Range should start to reduce turns 3 to 9.",WARNING
I'm struggling for grip as it is mate.,PROBLEM
Riff. I mean both are going but I'm sticking to the roof.,INFORMATION
So this rain is looking imminent and it will be heavy so you can use the tyres.,ORDER
"George Lowe's Pass from a much different tyre strategy to him. Yep, we're trying to get the message to him. Should be this straight.",INFORMATION
"I'm going to tell George the last part from a much different tie strategy, Tim.",INFORMATION
"We should have come in man, this is very wet. Copy Lewis, so we're going to stay out, we're going to have to brave this I think.",ORDER
"I do have reports that Leclerc may have had some damage, so missing some rear downforce. See you ahead of me. Leclerc car ahead. He was 1.7 slower than before the safety car.",INFORMATION
"Nice and loose, next car, Norris, one second ahead.",INFORMATION
And let's see if he can give us a balance check. Balance check. That's pretty good. A little bit of a slip. Copy.,ORDER
"That was all okay in the box right? Yeah, copy. Yep, that's all okay. Just trying not to hit car, that's all slow down. Yep, roger.",QUESTION
"That far's a gap. Seven seconds, Norris. Is it a big gap for us to catch? Negative. Let's go for it.",ORDER
George needs to pick up the base if you can. Copy that.,ORDER
"I think it's another lap man. Yes mate, yes. Just one more lap, that would have done it. But great job there mate, so that's P3 and fastest lap. Lewis, five hours later. Sir, yeah, I hear you Toto. Thanks so much for the support, for the positive words. It's not the easiest of weekends, but good result in the end. Thank you. Peace out guys.",INFORMATION
And we'reِ out bad. Cause it was hype man good.,PROBLEM
"Yeah, we do see the damage, carry on for now.",PROBLEM
We try to fix it at the P-stop going down with flap nothing we can do right now. Keep pushing.,ORDER
Tell me the amount of damage. And 5% aerobalance is pretty big.,PROBLEM
"We are doing great with the car we have, good job!",INFORMATION
"four behind and Alboncar behind, point four behind",INFORMATION
Rain expected in 4 minutes. What is the rain intensity? 2 to 3.,INFORMATION
I'm running. Copy it. There will be few spots for a few minutes and then increasing.,INFORMATION
"I think both sides lock then, or wait for the red flag",PROBLEM
"Yeah, not raining anymore. Cloud is living cold.",INFORMATION
"Track temp 4.7, 4.7. It is meant to drop through the race 4 degrees.",INFORMATION
Track temp 4.7 It is meant to drop through the race 4 degrees,INFORMATION
"Yeah, these are... Could have been the worst I expected Ok, understood",INFORMATION
"I have a slow dark shift, but the left panel is on the spot. Understood.",PROBLEM
"So nothing strange on the gearbox, all fine, we are checking anyway if there is anything else. No, it's what I had before, this sticky paddle thing. Yeah, copy, must be steering wheel.",PROBLEM
"What the f***? Exactly what I talked about! Exactly what I talked about! Slow intro, Hamilton 1.4 behind The main target there was to cover Hamilton Hamilton 1 second behind I don't care about Hamilton! I was f***ing weak!",PROBLEM
What is Charles' pace? Charles Lapte is 17.5 in free air. I was doing 65.,QUESTION
"All okay with the safety car gloves, no one else. All okay, all okay.",INFORMATION
He's leaving me no space. You need to do something about it. We're gonna crash.,PROBLEM
"and multifunction RB position 7, RB position 7 and Gasly is 2 in front",ORDER
"What is the forecast? Stay for 5 minutes this kind of rain. Only 5 minutes, I need more to go to extreme. That's our best guess but can be anything as you know.",QUESTION
"You tell me the forecast and I tell you, Ty.",ORDER
We expect the rain to stop in 2-3 minutes.,INFORMATION
"Perez and Hülkenberg just already pitted for hard to go into the end, also Zoo, all clear.",INFORMATION
and Cecho at the back just beat for hard 16.5 his lap time for info and all the field is packed,INFORMATION
Let me know when Ocon starts struggling with the eyes.,ORDER
A bit on the nose just for your foot.,INFORMATION
Let's go ship to N-Rollooun.,ORDER
"Superb, we nearly checked out on wing. Broken from wing. Stay out, stay out for a moment. No damage. It's okay.",ORDER
"I need to know the damage, how much load there We are checking I think he moved a bit later, I'll be in to be honest Copy that, try your best",PROBLEM
"Okay, I see a bit of front left and a bit of rear left waiting on the board. Just waiting for...",PROBLEM
"Okay, understood. And we had the first strike for turn 11. Track limits for info.",WARNING
and box to overtake Ocon,ORDER
And for Info Alun's report in rear left graining on the harp and also lap times 7.9.,PROBLEM
"And for Info Launch report in rear left draining on the hull. Yes, same here. Up here. I think the deck is higher than expected.",PROBLEM
How is the rain looking? In 45 minutes but it's slowing down the risk.,QUESTION
"and box to overtake Ocon, Carlos box to overtake Ocon",ORDER
"Now we've born with phase 7, crop with phase 5. We've rotated a bit.",ORDER
and the heaviest part of the rain has passed and should be clear for 10-20 minutes and then some more could come later.,INFORMATION
4 laps to go Less radio Copy,INFORMATION
"And Charles has a front wing damage, front wing damage for Charles. Okay, don't slow me down please. Okay.",PROBLEM
"Yellow flag, 8 and 9, big accident.",WARNING
and no more rain for the next 30 minutes.,INFORMATION
"Yeah, very difficult to keep temperature with this safety car.",PROBLEM
"It looks like people are wanted to go through here, Ricky. Okay.",INFORMATION
We also believe that the track is picking up after the safety car and the rain.,INFORMATION
"Entire life of the soft is plus 10. Plus 10. You don't think we can make it to the end? At the moment we don't think, but we are monitoring.",INFORMATION
"How many more laps at this pace? At this pace, 10 more laps, but I'm more worried about... ...the Ghastly, pull a cow, eh? Understood. Ghastly 3.8 in front.",QUESTION
"What we are doing with tyres is very good, good job.",INFORMATION
I could go forever at this place.,INFORMATION
"What do you think is the plan for this? The plan is to keep the pack together, so don't pull away. Copy. It will be doable with Max behind on used hard. Copy. And watch for debris still. Debris on track still.",ORDER
"Russell one second behind, if you keep the puck bounced up he cannot do two stops, Russell cannot do two stops.",INFORMATION
Let me know what you think is good to push. I still have one second of facing her. Understood.,ORDER
I need to go faster if you can till the end.,ORDER
Cup to land all over Whisnant Copy,ORDER
"Lando, point 8 behind, point 8 with DRS, Russell no DRS. Yeah, it's on purpose. Copy that.",INFORMATION
"Which use breaks are they rookie? They are not the one-star one-star? No, no, no, they are out of the pool And they are from Belgium, good warm up on the breaks, anyway",QUESTION
After a double cool people are going a couple of tens faster than the first push.,INFORMATION
The front brakes don't quite seem to be biting that well.,PROBLEM
"I thought she came with first steering, the weird noise came from the right.",PROBLEM
I'm having a push too hard in 11 and 12. I ride an overtake or it needs to manage my crew there.,PROBLEM
Are we working together here or are we just doing our own race? We're still discussing.,QUESTION
So George we need more management turn 11 on throttle. You want me to race or concede positions? You want more management? I will go backwards. We do need to make sure these tyres make it through the stint. We do want to race but we want to make it through the stint.,ORDER
We've got a load of dust coming out the front.,PROBLEM
I haven't been on the radio because I thought it was quite obvious about the pace. Just sat there behind my tyres.,INFORMATION
Vibrations.,PROBLEM
"We've got a load of dust coming out the front. What's the front brake cam? Brake dust. Err, smoke. Ok.",PROBLEM
"A lot of floor edge contact over turn, 8 curve, just a bit there all weekend.",WARNING
"So, okay, we need to retire the car.",PROBLEM
It's gasping back at me I reckon I'm not sure why,INFORMATION
Starts to get a little bit of greener.,INFORMATION
"Yeah, split in, turn 3.",WARNING
"Yeah, it's raining more and more.",INFORMATION
"George, all cool, we're all cool, you're in a good position and we're looking at the heavyweights, we're monitoring, keep talking to us, all cool. Just 6-1, extraordinarily wet, 3-6.",INFORMATION
"So we have a five second time penalty for the rejoin. Yeah, understood. Couldn't see anything.",WARNING
"If the clerk gets close, could we potentially invert positions? And I don't go more than a five ahead of Lewis. If he didn't obviously get Esteban. Don't need to answer and no obligation. This pace is very good at the moment.",QUESTION
Rain intensity is going to be reducing from here on.,INFORMATION
"Can I have a shot, Ocon?",QUESTION
I'm going to start right up Lewis's gearbox here.,INFORMATION
"The car doesn't feel right after that touch I'm just trying to bring home alright? Yeah AFIRM you're doing a really good job, you've got three laps remaining.",PROBLEM
How are brake temps?,QUESTION
I look okay.,INFORMATION
Let me know when you're ready for me to hit a break a bit harder.,ORDER
So some medium runners complaining of graining them.,INFORMATION
If we increase those peak brake pressures that will help load up the front.,ORDER
"Yeah, but you're happy to manage breaks.",ORDER
I don't feel .1 safe.,INFORMATION
"I mean I'm getting these brake wall-ins every lap at the moment. Very firm, we're just bobbling along at the top of the limits on the front left caliper.",INFORMATION
So we just need to increase front surface temps in those areas.,ORDER
Just let me know on the grid how that flap tallied up versus P2 after.,ORDER
Currently expecting two laps behind the safety car and we have the inter-tyre fitted. Copy. That was mandatory from the FIA.,INFORMATION
"And for info there is more light rain on the radar five minutes out. So it will be a rolling start procedure and the safety car will enter the kit lane, end of this lap. Copy. Could you put the Norris on board on your screen, just let me know if he's inside or else down the south straight? I think it's going to be too delayed to be of any use to you. I'll try and keep an eye on GPS and let you know.",INFORMATION
"Rain intensity reducing in the pit lane now. Still wet here and here, very wet. Take off Prez behind on the inter. Prez alongside.",INFORMATION
"This rain is coming, it's going to be lighter than before, two or three minutes out.",INFORMATION
I'll be broadcasting the podium. Are we messing up?,QUESTION
"A lot of vibration on this side. Copy that. Gap ahead, 0.7 to Hulk, 0.8 behind to Lawson.",PROBLEM
"So currently we've got up to the P6 in our pit window, but we are looking at points.",ORDER
Laps! 27 to go end of this lap.,ORDER
"Yeah, it looks like they're going to sacrifice the clerk.",INFORMATION
So we need to keep the pressure on these Ferraris.,ORDER
"Yeah, he's managing a lot, he's very slow. I guess he's trying to back us up.",INFORMATION
"Keep an eye on these tyres. Now, these will go to the end comfortably. Especially how scientists drive, it needs this. Managing big time.",ORDER
"I want to go for this win. Yeah, we understand. We're on the same page, mate.",INFORMATION
"Science reporting, he still has a second of pace in hand.",INFORMATION
"So Norris has DRS, let's start pushing science along now.",ORDER
"Science is driving unnecessarily slow, he's 3-4 seconds up on his delta.",INFORMATION
So you're going to let me back pass or...?,QUESTION
No! No! No! No!,PROBLEM
Oh no no What the f*** Guys what the f*** What a f*** Rookie Oh my goodness is True Yes True That's true Yes True I,PROBLEM
Apex of seven.,WARNING
Another laser boat to keep on this time.,INFORMATION
"Okay, so a bit of split, soft and medium on the grid.",INFORMATION
Nicolai has retired but take your usual position. P18. Dropping.,INFORMATION
"I think I can get the house and at least we'll take a couple of laps. Yeah, copy. Pace feels good. Copy, good. Just click Halkenberg when you can.",INFORMATION
"This is getting frustrating, it's so slow.",PROBLEM
Quite consistent but I can't keep up with the breeze anymore. Copy. This is the pace so... Copy. Understood.,PROBLEM
"Oil button, oil button.",ORDER
Suggest Special 2 for turn 6 through 8.,ORDER
The Williams in front of me is having some rear left grading.,PROBLEM
How are your ties? Oh good.,QUESTION
"Okay Valtteri, we really need to get De Vries if we can. Try to use the blue flag to your advantage.",ORDER
25 minutes to go 25. There is a shower west of to the circuit which is closing in and should pass the circuit but we might feel some drops.,INFORMATION
"Okay, that's ISR. Oh, no, I'll study the work.",INFORMATION
If I see there could be a few drops of rain but nothing major.,INFORMATION
"40 minutes to go, 40 minutes, all cars on grid except Magnussen, the race start will be dry.",INFORMATION
"Couple of drops here of water, but it was the forecast thing.",INFORMATION
"Okay Valtteri, no more shifts, no more shifts, we need to stop the car on track, stop the car. Okay, sorry for that.",PROBLEM
"It is a lizard, a big one. It was on track. Did he want to move? Copy. It's a brave lizard.",WARNING
I can confirm the ride is good. Straight and also I've had a bottom. No problem. Copy. Copy. Good.,INFORMATION
I don't know what he was doing. I was there and just turned in like I didn't exist.,PROBLEM
"And Oscar, this time, do not use anti-overtake, you can keep pushing until turn 5 for the breaking point.",ORDER
"Chaos Car Tire Info. Almost all the cars on soft tires, the only new medium starter is Sargent in P19. The new soft cars are Leclerc, Stroll, Hulkenberg, Magnussen, Ricciardo, Bottas and Joe. Have a good race. Thank you.",INFORMATION
"Oscar, kill the engine. The car is not safe to continue.",PROBLEM
"Oscar, that is a red flag. We're going to see if we can repair the car.",WARNING
"Opportunity Oscar, lean on the front left more, turn 6-7.",ORDER
"And how are the tyres Oscar? How are the tyres? Errr, not great. Don't have any creep. Copy.",QUESTION
"Oscar, do not interfere with Lando's race. Ocon is three and a half seconds behind.",ORDER
"Yeah, there is rain in the north. We think it's still several minutes away if it gets in.",INFORMATION
"There's another shower approaching, expected around lap 60, possibly later. It has grown in intensity, would last the remainder of the race.",INFORMATION
"Class half rain in the pit lane. Yep, some light drops as well on the visor.",INFORMATION
Ah mate I have a massive flat squat now. Copy.,PROBLEM
"Oh, that looks good really good.",INFORMATION
How's the taunt? Still okay for now. No change.,QUESTION
A possible brief and light rain shower approaching could be here in five minutes. Pitlane would get work first. On the radar this would be class one and last only a couple of minutes.,INFORMATION
"And Oscar, how's the balance? Yeah, it's slowly getting there. Slowly getting more regroup, but it's just low group conditions at the moment.",QUESTION
